Number,Song Name,Category,Archival Source Link,Lyrics
1,Ambaraye,Comedy & Satire Songs,1 https://www.jiosaavn.com/album/folk-music-of-andhra-pradesh/ASbAr2WTa3M_,https://iiithydstudents-my.sharepoint.com/:w:/g/personal/lokesh_mamillapalli_students_iiit_ac_in/IQARbYtzQQdETa0hGeE7w-V3AatAlcjbDMmJRUaV3Bh2nVs?e=W6Q7YC
2,Randi Punyamulaara,Devotional & Ritual Songs,1 https://www.jiosaavn.com/album/folk-music-of-andhra-pradesh/ASbAr2WTa3M_,
3,Bandenaka Bandi,Love Songs,1 https://www.jiosaavn.com/album/folk-music-of-andhra-pradesh/ASbAr2WTa3M_,
4,Siva Siva Moorthy,Devotional & Ritual Songs,1 https://www.jiosaavn.com/album/folk-music-of-andhra-pradesh/ASbAr2WTa3M_,
5,Nakkalolla Sinnadhanni,Love Songs,1 https://www.jiosaavn.com/album/folk-music-of-andhra-pradesh/ASbAr2WTa3M_,
6,Chenchitha,Love Songs,1 https://www.jiosaavn.com/album/folk-music-of-andhra-pradesh/ASbAr2WTa3M_,
7,Laali Mudhulagumma,Lullabies,1 https://www.jiosaavn.com/album/folk-music-of-andhra-pradesh/ASbAr2WTa3M_,
8,Mancha Digave,Love Songs,https://www.jiosaavn.com/album/telugu-folk-songs/sWBQXXgIMZs_,
9,Vayasu Pongu,Comedy & Satire Songs,https://www.jiosaavn.com/album/telugu-folk-songs/sWBQXXgIMZs_,
10,Mandalola,Comedy & Satire Songs,https://www.jiosaavn.com/album/telugu-folk-songs/sWBQXXgIMZs_,
11,Thaalelo,Devotional & Ritual Songs,https://www.jiosaavn.com/album/telugu-folk-songs/sWBQXXgIMZs_,
12,Entha Challani,Festival,https://www.jiosaavn.com/album/telugu-folk-songs/sWBQXXgIMZs_,
13,Enthati Vaadoy,Devotional & Ritual Songs,https://www.jiosaavn.com/album/telugu-folk-songs/sWBQXXgIMZs_,
14,Laali Lalamma Laali,Lullabies,https://www.jiosaavn.com/album/telugu-folk-songs/sWBQXXgIMZs_,
15,Holi Holi,Festival,https://www.jiosaavn.com/album/telugu-folk-songs/sWBQXXgIMZs_,
16,Kallu Muntha,Comedy & Satire Songs,2 https://www.jiosaavn.com/album/old-is-gold-janapada-geethalu/5mHz3qTEp8g_,
17,Rela Re,Festival,2 https://www.jiosaavn.com/album/old-is-gold-janapada-geethalu/5mHz3qTEp8g_,
18,Lalaguda Lambadola,Love Songs,2 https://www.jiosaavn.com/album/old-is-gold-janapada-geethalu/5mHz3qTEp8g_,
19,Seta Seta,Love Songs,2 https://www.jiosaavn.com/album/old-is-gold-janapada-geethalu/5mHz3qTEp8g_,
20,Yeniyallo,Tragedy Songs,2 https://www.jiosaavn.com/album/old-is-gold-janapada-geethalu/5mHz3qTEp8g_,
21,Botla Botla,Love Songs,2 https://www.jiosaavn.com/album/old-is-gold-janapada-geethalu/5mHz3qTEp8g_,
22,Poru Bandaru,Love Songs,2 https://www.jiosaavn.com/album/old-is-gold-janapada-geethalu/5mHz3qTEp8g_,
23,Panta Senu,Work Songs,2 https://www.jiosaavn.com/album/old-is-gold-janapada-geethalu/5mHz3qTEp8g_,
24,Gajala Edla Bandi,Festival,2 https://www.jiosaavn.com/album/old-is-gold-janapada-geethalu/5mHz3qTEp8g_,
25,Kobbaraku Needalo,Social songs,"https://www.jiosaavn.com/album/konaseema-janapadalu/,F9Fwk4WlFY_",
26,Hailessa,Work Songs,"https://www.jiosaavn.com/album/konaseema-janapadalu/,F9Fwk4WlFY_",
27,Amma Aadevadogani,Love Songs,"https://www.jiosaavn.com/album/konaseema-janapadalu/,F9Fwk4WlFY_",
28,Nela Nela Nallikoora,Family,"https://www.jiosaavn.com/album/konaseema-janapadalu/,F9Fwk4WlFY_",
29,Erra Erra Edlanukatti,Festival,"https://www.jiosaavn.com/album/konaseema-janapadalu/,F9Fwk4WlFY_",
30,Namate Vinikove,Love Songs,"https://www.jiosaavn.com/album/konaseema-janapadalu/,F9Fwk4WlFY_",
31,Yaparam Sedipodde Pilla,Love Songs,"https://www.jiosaavn.com/album/konaseema-janapadalu/,F9Fwk4WlFY_",
32,Jatarakeldam Ravepilla,Festival,"https://www.jiosaavn.com/album/konaseema-janapadalu/,F9Fwk4WlFY_",
33,Haiyare- Haiyare,Festival,"https://www.jiosaavn.com/album/konaseema-janapadalu/,F9Fwk4WlFY_",
34,Tella Cheera,Love Songs,https://www.jiosaavn.com/album/janapada-jallulu-telugu-folk-songs/0d0DzuZBP90_,
35,Poola Moggala Raika Dhaana,Love Songs,https://www.jiosaavn.com/album/janapada-jallulu-telugu-folk-songs/0d0DzuZBP90_,
36,Ayya Nenemi Sethu,Comedy & Satire Songs,https://www.jiosaavn.com/album/janapada-jallulu-telugu-folk-songs/0d0DzuZBP90_,
37,Dummu Choodu Dooli Choodu,Work Songs,https://www.jiosaavn.com/album/janapada-jallulu-telugu-folk-songs/0d0DzuZBP90_,
38,Chandamama Chandamama,Love Songs,https://www.jiosaavn.com/album/janapada-jallulu-telugu-folk-songs/0d0DzuZBP90_,
39,Sari Sari Sangannapeta,Festival,https://www.jiosaavn.com/album/janapada-jallulu-telugu-folk-songs/0d0DzuZBP90_,
40,Usikalla Vootallla,Love Songs,https://www.jiosaavn.com/album/janapada-jallulu-telugu-folk-songs/0d0DzuZBP90_,
41,Mangamma O Mangamma,Tragedy Songs,https://www.jiosaavn.com/album/janapada-jallulu-telugu-folk-songs/0d0DzuZBP90_,
42,Dollo Dollo,Work Songs,https://www.jiosaavn.com/album/janapada-jallulu-telugu-folk-songs/0d0DzuZBP90_,
43,Chinta Chettu Chilakallara,Tragedy Songs,https://www.jiosaavn.com/album/janapada-jallulu-telugu-folk-songs/0d0DzuZBP90_,
44,Sandhulona Bayanti,Work Songs,https://www.jiosaavn.com/song/sandulona-bayanti/NAU6eE0HAQQ,
45,Orori Bandi Vada,Love Songs,https://www.jiosaavn.com/album/telugu-folk-songs/kAWEwQMTDFI_,
46,Sukkala Koka,Love Songs,https://www.jiosaavn.com/album/telugu-folk-songs/kAWEwQMTDFI_,
47,Neraalu Enchade,Comedy & Satire Songs,https://www.jiosaavn.com/album/telugu-folk-songs/kAWEwQMTDFI_,
48,Mokkajonna Thotalo,Love Songs,https://www.jiosaavn.com/album/telugu-folk-songs/kAWEwQMTDFI_,
49,Duddu Gattethukoni,Comedy & Satire Songs,https://www.jiosaavn.com/album/telugu-folk-songs/kAWEwQMTDFI_,
50,Dakella Biyyamu,Devotional & Ritual Songs,https://www.jiosaavn.com/album/telugu-folk-songs/kAWEwQMTDFI_,
51,Nandagiri Bangarumma,Love Songs,https://www.jiosaavn.com/album/telugu-folk-songs/kAWEwQMTDFI_,
52,Bangaru Chinnadana,Love Songs,https://www.jiosaavn.com/album/telugu-folk-songs/kAWEwQMTDFI_,
53,Bandira Poga Bandira,Social songs,https://www.jiosaavn.com/album/telugu-folk-songs/kAWEwQMTDFI_,
54,Pachcha Pachchani,Marriage Songs,https://www.jiosaavn.com/album/pachchani-palletulu/v5HpP4knBk4_,
55,Venkatagiri Zaricheera,Love Songs,https://www.jiosaavn.com/album/pachchani-palletulu/v5HpP4knBk4_,
56,Yeru Paadindhi,Social songs,https://www.jiosaavn.com/album/pachchani-palletulu/v5HpP4knBk4_,
57,Chitike Vaesi,Love Songs,https://www.jiosaavn.com/album/pachchani-palletulu/v5HpP4knBk4_,
58,Entha Gadusu,Love Songs,https://www.jiosaavn.com/album/pachchani-palletulu/v5HpP4knBk4_,
59,Sankuratiri,Love Songs,https://www.jiosaavn.com/album/pachchani-palletulu/v5HpP4knBk4_,
60,Enduko Yee Paita,Love Songs,https://www.jiosaavn.com/album/pachchani-palletulu/v5HpP4knBk4_,
61,Evaraina,Marriage Songs,https://www.jiosaavn.com/album/pachchani-palletulu/v5HpP4knBk4_,
62,Andala Paapayi,Family,https://www.jiosaavn.com/album/pachchani-palletulu/v5HpP4knBk4_,
63,Naayanamma,Family,https://www.jiosaavn.com/album/pachchani-palletulu/v5HpP4knBk4_,
64,Eme Pilla,Love Songs,"https://www.jiosaavn.com/album/janapada-kokila/rFa,9XJn7WU_",
65,Annadu Gatani Nayee,Comedy & Satire Songs,"https://www.jiosaavn.com/album/janapada-kokila/rFa,9XJn7WU_",
66,Dellu Dellu,Comedy & Satire Songs,"https://www.jiosaavn.com/album/janapada-kokila/rFa,9XJn7WU_",
67,Nelakku Voyeti,Devotional & Ritual Songs,"https://www.jiosaavn.com/album/janapada-kokila/rFa,9XJn7WU_",
68,Siluko Silukorigane,Love Songs,"https://www.jiosaavn.com/album/janapada-kokila/rFa,9XJn7WU_",
69,Uravuthala Oka Mata,Social songs,"https://www.jiosaavn.com/album/janapada-kokila/rFa,9XJn7WU_",
70,Letha Gadi,Marriage Songs,"https://www.jiosaavn.com/album/janapada-kokila/rFa,9XJn7WU_",
71,Illani Mallelu,Marriage Songs,"https://www.jiosaavn.com/album/janapada-kokila/rFa,9XJn7WU_",
72,Vadinaro Paludomukkomma,Marriage Songs,https://www.jiosaavn.com/album/vuyyalu-kayyalu/FussqbAWUW0_,
73,Rammanavenaluguki,Marriage Songs,https://www.jiosaavn.com/album/vuyyalu-kayyalu/FussqbAWUW0_,
74,Alagithiva Vadinaa,Marriage Songs,https://www.jiosaavn.com/album/vuyyalu-kayyalu/FussqbAWUW0_,
75,Oho Oho Vadinagaru,Marriage Songs,https://www.jiosaavn.com/album/vuyyalu-kayyalu/FussqbAWUW0_,
76,Yedira Vadina Yedera,Marriage Songs,https://www.jiosaavn.com/song/yedira-vadina-yedera/HCFeZgRHbWs,
77,Vyapurala O Vayyarilola,Love Songs,https://www.jiosaavn.com/album/vuyyalu-kayyalu/FussqbAWUW0_,
78,Vadinaro Meeremtho,Marriage Songs,https://www.jiosaavn.com/album/vuyyalu-kayyalu/FussqbAWUW0_,
79,Vindu Viyalavaari,Marriage Songs,https://www.jiosaavn.com/album/vuyyalu-kayyalu/FussqbAWUW0_,
80,Vadinaro Naa Puthrini,Marriage Songs,https://www.jiosaavn.com/album/vuyyalu-kayyalu/FussqbAWUW0_,
81,Jaya Mangalam Nithya Subhamangalam,Marriage Songs,https://www.jiosaavn.com/album/vuyyalu-kayyalu/FussqbAWUW0_,
82,Ambaa Palukulu,Devotional & Ritual Songs,https://www.jiosaavn.com/album/janapada-geethalu-folk-songs/pi7rlnuH-oI_,
83,Digu Digu Naaga,Devotional & Ritual Songs,https://www.jiosaavn.com/album/janapada-geethalu-folk-songs/pi7rlnuH-oI_,
84,Jodu Jodu Ungaraalu,Festival,https://www.jiosaavn.com/album/janapada-geethalu-folk-songs/pi7rlnuH-oI_,
85,Maa Baava,Comedy & Satire Songs,https://www.jiosaavn.com/album/janapada-geethalu-folk-songs/pi7rlnuH-oI_,
86,Maamaa Naagulu,Love Songs,https://www.jiosaavn.com/album/janapada-geethalu-folk-songs/pi7rlnuH-oI_,
87,Mee Atharintikelli,Comedy & Satire Songs,https://www.jiosaavn.com/album/janapada-geethalu-folk-songs/pi7rlnuH-oI_,
88,Nandikesuni Gullo,Festival,https://www.jiosaavn.com/album/janapada-geethalu-folk-songs/pi7rlnuH-oI_,
89,Narsipatnam,Festival,https://www.jiosaavn.com/album/janapada-geethalu-folk-songs/pi7rlnuH-oI_,
90,Neraa Neraa Nerabandi,Comedy & Satire Songs,https://www.jiosaavn.com/album/janapada-geethalu-folk-songs/pi7rlnuH-oI_,
91,Siralu Temmanna,Family,https://www.jiosaavn.com/album/janapada-geethalu-folk-songs/pi7rlnuH-oI_,
92,Vallari Baaboyi,Festival,https://www.jiosaavn.com/album/janapada-geethalu-folk-songs/pi7rlnuH-oI_,
93,Appula,Tragedy Songs,"https://www.jiosaavn.com/album/navya-janapadaravali-folk-songs/QqI,FhiCDOw_",
94,Gali,Family,"https://www.jiosaavn.com/album/navya-janapadaravali-folk-songs/QqI,FhiCDOw_",
95,Gorinka,Family,"https://www.jiosaavn.com/album/navya-janapadaravali-folk-songs/QqI,FhiCDOw_",
96,Kongununna,Love Songs,"https://www.jiosaavn.com/album/navya-janapadaravali-folk-songs/QqI,FhiCDOw_",
97,Oh Tirupathi,Devotional & Ritual Songs,"https://www.jiosaavn.com/album/navya-janapadaravali-folk-songs/QqI,FhiCDOw_",
98,Poddekkindiro,Comedy & Satire Songs,"https://www.jiosaavn.com/album/navya-janapadaravali-folk-songs/QqI,FhiCDOw_",
99,Sengu Sengu,Love Songs,"https://www.jiosaavn.com/album/navya-janapadaravali-folk-songs/QqI,FhiCDOw_",
100,Siri Siri Muvva,Love Songs,"https://www.jiosaavn.com/album/navya-janapadaravali-folk-songs/QqI,FhiCDOw_",
101,Turpuna,Work Songs,"https://www.jiosaavn.com/album/navya-janapadaravali-folk-songs/QqI,FhiCDOw_",
102,Yedani Yethikedi,Tragedy Songs,"https://www.jiosaavn.com/album/navya-janapadaravali-folk-songs/QqI,FhiCDOw_",
,,,,
,,,,
,,,,
,,,,
,,,,
,,,,
,,,,
,,,,
,,,,
,,,,
,,,,
,,,,
,,,,
,,,,
,,,,
,,,,
,,,,
