name,id
001.mp3,1gn7h71Yd8zA8PhI665zSJ6_06qm1HNoU
002.mp3,1ejRJuxmCJuLqIouysceCWkYmdw1mHDfE
003.mp3,150nPSSPir_iiuc4jGpzQ9vRb-iazr-Pn
004.mp3,1PMv-WXl51Hv-2vAbrKYz1rrzV9bw9_zr
005.mp3,1ocyejhJ9F5RdyL5BJjUrBwjiiTT83haA
006.mp3,13ixMB2kJ-Xb2EI5WDgPUpIQv9Rh0zJgJ
007.mp3,1uUQPzGWs71zpt240wPfD5FrPjvWjHw6b
008.mp3,1Aswwgp-O8QxoSsZDdGZTuKbyAGfdfzay
009.mp3,1KlfA7hfwZ6DvF_l_ERqNwu7UcwzQxBO1
010.mp3,1L-Vj5Qh07n_CiZemSWTBcuP688x7j3KD
011.mp3,1cNvkMArF_3P-ZASbbB1p1nv8oFDfLbce
012.mp3,1NXG62ii4-cNBPFAUuOE3XZtP8POYj2Lw
013.mp3,1TuNSvvXzqprnvDxk-ORTukj6Na2H79_c
014.mp3,19bVrO5sWzL7XZX_Mi_FTkqOSTxOPs93O
015.mp3,1VPyNK91ZnucHCZE6kRPya5E0yiqIRlCG
016.mp3,1Ig9Qzpux7Wt6uTVXr9_6gJDz08TeqGsn
017.mp3,15FbrrQVbDM_UJo7vGNhFU9FHD1yMAf36
018.mp3,1N4OGdk4WsCEtDR68uRu-YWaU2_UDxI8C
019.mp3,1t2mwOBonDHcr1CaTh94PCih9ot_RJswP
020.mp3,1J6u9EKGhMO_jL-b9hxENNidfUvDhqdDb
021.mp3,1L5K_xkMEOejRtzuaV-OCp_GZPMPLCaUk
022.mp3,1JS9ro-zNTWEmGrCtt--6jqfr-mlld3JM
023.mp3,1eJBQFMVld9fbyTrCwlLbvRyIviN3rpOX
024.mp3,1o-AYwobzhV4mhl8HUdujGY_4qs8i-7OU
025.mp3,1eh33FW7E64ODOy3GpBMY6G2YmXbpzsSq
026.mp3,1tCxkBc-phxOfxmXzxu6tSOKCaVG7cOQ-
027.mp3,17vFECkqPI_6MoQAZmLD2kOMj8CLcJbET
028.mp3,1sG_D2LqgoZK-TRYKkrXBLY0lS6ZMaRzd
029.mp3,1Ojw_0Q2TD6ZtnIF4JP5_ACL1blbgUzEN
030.mp3,1LtMuUeo86JmcFOmYawQZnjnQ7zP047Pc
031.mp3,10Q-SwaCQ1OyWioBeL0S453jZJKNGqpBu
032.mp3,1JMTM1kodJ7cYpinfx4mGjFA0KG-J1pW2
033.mp3,1ILdUQUELHbfOs8BL_LHPKUju6aw4bE6w
034.mp3,1yDpyd09FxRaf5aeEiUvChiA5AwP0OKaP
035.mp3,1Thz0m0hIMpZn-hSCPOz2MmeIP10ZAq7M
036.mp3,1NIFF9KMTAfFlbzxu8i53A0x5uG8Uit0W
037.mp3,18i0R6YNzit47Kgm5FrENMGcLhbOdIxHO
038.mp3,1XrkAqa2XawZo-_wxjUKdeGIL9g7XVTbF
039.mp3,1ktkKc9RS_gWSOS_9xWqj3UONKnS3YFMU
040.mp3,1J3d0c3Q2Wni2eHW_h4gsFKBQmOcRxSUV
041.mp3,1I58CtbaHL4h48jDmnkVKhASylHhIjq9g
042.mp3,1bv9ZkVeQBN30PPVsw3Y-zFqsgmZVLt0f
043.mp3,1kiqT7lop2nWupU0jsCO1hIOTfrCzVTCg
044.mp3,1dmrzcY4G5-Jg38YsNsPwsp4aKwsWvibz
045.mp3,1PDsKLbqqhxk69BOI5eVe2AGmhDBLqFfh
046.mp3,1XxkJD9dDiyMZ1JkYPbZZkuVrXPrwPUDK
047.mp3,1EanIBgl52HEC0_yBlwdeGKSHnnscgiO2
048.mp3,10yWmEqHEzFrbBkl0_74j1E9U0QskbXzy
049.mp3,1xZDJchdIrTHm0aCeLU5PpT1zUqMemwSZ
050.mp3,1Y2a8_ME-8bTH7J6ACJa4GYzYw22tIRIW
051.mp3,1uE3gpdgh212O2WDBnScBp6PXXGUAPLCK
052.mp3,1lsUtiiBskv8MMJSGZeENOTkFMTPQDLyQ
053.mp3,1um0dumOeoADhBHQrN0EPxSMJK43FshrB
054.mp3,1r3xGkXjAsfi1vXBBhGaAxDB1c4aBo2Gr
055.mp3,1QN0yq-FqUW1NAFcYUX5I1IWM8WQp5JGe
056.mp3,1_J_u96YMBDhSg430LcIdDwlBVvYbqvAq
057.mp3,1iIsC-_PQvj90QyBUlgAGHfbE0CI4HYpf
058.mp3,1wWr0dqvZcTn16psIJWHqSI55pJAOlPq_
059.mp3,1bDFJWYBAGvmHkn9iqi6YC47Rz7TZfPWo
060.mp3,12rIh13DEdUU5sajd1qVw6n-KdDxo7P1y
061.mp3,1VAcdbzpW4t2t4MehpK46A6eBZb3Rl0_g
062.mp3,16YkW__ojYrwT-n_EDDSQYccLlROR-aV9
063.mp3,14tTKCJgTiOZuhaXOMneWcIJX9vFZ-akE
064.mp3,1kikv_iZdCcO33mpH-vNMMkbh0joo18TH
065.mp3,1NFsFGjL3KyNcGTGSkwUZKDiv0Zm7Aty1
066.mp3,1_upLZLA7RD9isyFSWwZnI7lpCvw5gFw1
067.mp3,1ncm8vvVJc8MjR_rFrWzk9yvMbym857G2
068.mp3,1MfzKKFA4WZX-ifhRN0fTbgcIGt1AFf_h
069.mp3,1ZbYKF9fDzif7XwNNhBsGR_qUrL4EevX9
070.mp3,1ycVhGuf1qfoHCvJauxGKF3VE4kz1zlqj
071.mp3,156PrzGFEg2-jvEhMmFimm1wZ0dyuh_35
072.mp3,1XGKYCFk0RmGWI0dRUBIxedGpJTwMJ6Be
073.mp3,1Lp3VD5gZSp0jgEKVoSIxM_-fq_NC8X-B
074.mp3,1waCq4G89cLpYlpLw03xg1AV2C8e6mQal
075.mp3,13DJ9lBO8qGzZB4-EieJtoAbvDdGOce6N
076.mp3,1C4hnNO10_i-LnQSVQx2g1acDxKTOR4by
077.mp3,10w2mKEv4mzRA443AwqFc7KMgtlVMRwjV
078.mp3,1hfU8GxdFAeQCHyySnolsE97mbTvfIBmn
079.mp3,1c8JE52wRGgpogtymwzmaRB6K-WD82oCE
080.mp3,1bs52sfnY50VXo67JDq-oeqjVquQYq5AR
081.mp3,1tTKwFxJK6tYnPdYj5i1nbqTS9ppvtJ27
082.mp3,16hVbbLq5Rh34uNNWzyAYs3M9dxKGMj1z
083.mp3,1uwGzUngzUTGcPi8PwJ2bl5CQnt87mk-i
084.mp3,1PMw5ALfV7o4YFR3geYdqomF3If1SjD2z
085.mp3,1CJ4qIUf__oQOXXgsRkFw9NDiY3KpNOOT
086.mp3,1x9YnwDQFXhpl_8v4b_VsvKfWMGpMMUtW
087.mp3,1pcuZo5PU5Dzu435hQNH2LRk-0M9jHDtL
088.mp3,1mAxvMN80RIMvZYtQteWNxGFJCRfFESoK
089.mp3,1ZQc4tPlEOmPsZWN1PjstPTd10s069jRC
090.mp3,12DKak0QfOA08p1UhyRQ0ER759p2eO2GK
091.mp3,1kiDqndHxr-YLzSkEOOKnrqXNwFaEbOBu
092.mp3,1R0plOITVbsuibgpeRGosMmstu7R5Vwov
093.mp3,11T7xgsZ849-mB0OulYO7Kdz8LgHHchh5
094.mp3,1x4AnA1gTFFzQ2geWLtcGyygHh5j4RNDq
095.mp3,11LMrkN81s0DvbWG4NHe6vDL904WUWIMb
096.mp3,1auK-9YIubhRBMDYl_8SrjdPdGXvtb3-j
097.mp3,1Xz4WLLH4wpWrnDgvaj2Sa30NuAeJdg3l
098.mp3,109ysGRyCKY0VPtHeyF0Us5tnRk3xx8Kn
099.mp3,11L0yThYYfRjMLsaurMjY9muQWGFxIm6L
100.mp3,1gAiEbgiwUdTSekWWKwmUChiIuuVyzMLa
101.mp3,1thlUHevVduhbBiteLRb6dgMhLGx3pTcd
102.mp3,18OqgTsvYp_-sfw1W8N3EyH42yQOuz7w8