no,titleTe,titleEn,category,artist,album,year,sourceUrl,audioFile,originalAudioFile,lyricsLines
001,అంబరాయే,Ambaraye,Comedy & Satire Songs,"A. Anasuya Devi, B. Gopalam, V. Ramakrishna",Folk Music Of Andhra Pradesh,2002,https://www.jiosaavn.com/album/folk-music-of-andhra-pradesh/ASbAr2WTa3M_,001.mp3,Ambaraye (1).mp3,30
002,రండి పుణ్యాత్ములారా,Randi Punyamulaara,Devotional & Ritual Songs,"A. Anasuya Devi, D. Pushpalatha, B. Gopalan",Folk Music Of Andhra Pradesh,2002,https://www.jiosaavn.com/album/folk-music-of-andhra-pradesh/ASbAr2WTa3M_,002.mp3,Randi Punyamulaara.mp3,25
003,బండెనక బండి,Bandenaka Bandi,Love Songs,"A. Anasuya Devi, D. Pushpalatha, B. Gopalan",Folk Music Of Andhra Pradesh,2002,https://www.jiosaavn.com/album/folk-music-of-andhra-pradesh/ASbAr2WTa3M_,003.mp3,Bandenaka Bandi.mp3,21
004,శివ శివ మూర్తి,Siva Siva Moorthy,Devotional & Ritual Songs,"A. Anasuya Devi, D. Pushpalatha, B. Gopalan",Folk Music Of Andhra Pradesh,2002,https://www.jiosaavn.com/album/folk-music-of-andhra-pradesh/ASbAr2WTa3M_,004.mp3,Siva Siva Moorthy.mp3,35
005,నక్కలోళ్ళ చిన్నదానీ,Nakkalolla Sinnadhanni,Love Songs,"A. Anasuya Devi, K. Mallikarjuna Rao, B. Gopalan",Folk Music Of Andhra Pradesh,2002,https://www.jiosaavn.com/album/folk-music-of-andhra-pradesh/ASbAr2WTa3M_,005.mp3,Nakkalolla Sinnadhanni.mp3,35
006,చెంచితా,Chenchitha,Love Songs,"K. Mallikarjuna Rao, A. Anasuya Devi, V. Seetha Devi",Folk Music Of Andhra Pradesh,2002,https://www.jiosaavn.com/album/folk-music-of-andhra-pradesh/ASbAr2WTa3M_,006.mp3,Chenchitha.mp3,53
007,లాలి ముద్దుల గుమ్మ,Laali Mudhulagumma,Lullabies,"A. Anasuya Devi, V. Seetha Devi, T.R. Jayadev",Folk Music Of Andhra Pradesh,2002,https://www.jiosaavn.com/album/folk-music-of-andhra-pradesh/ASbAr2WTa3M_,007.mp3,Laali Mudhulagumma.mp3,15
008,మంచె దిగవే,Mancha Digave,Love Songs,"A. Anasuya Devi, V. Seetha Devi, T.R. Jayadev",Telugu Folk Songs,2003,https://www.jiosaavn.com/album/telugu-folk-songs/sWBQXXgIMZs_,008.mp3,Mancha Digave.mp3,50
009,వయసు పొంగు,Vayasu Pongu,Comedy & Satire Songs,"A. Anasuya Devi, V. Seetha Devi, T.R. Jayadev",Telugu Folk Songs,2003,https://www.jiosaavn.com/album/telugu-folk-songs/sWBQXXgIMZs_,009.mp3,Vayasu Pongu .mp3,33
010,మందలోడా,Mandalola,Comedy & Satire Songs,"A. Anasuya Devi, V. Seetha Devi, T.R. Jayadev",Telugu Folk Songs,2003,https://www.jiosaavn.com/album/telugu-folk-songs/sWBQXXgIMZs_,010.mp3,Mandalola.mp3,46
011,తాలేలో,Thaalelo,Devotional & Ritual Songs,"A. Anasuya Devi, V. Seetha Devi, T.R. Jayadev",Telugu Folk Songs,2003,https://www.jiosaavn.com/album/telugu-folk-songs/sWBQXXgIMZs_,011.mp3,Thaalelo.mp3,40
012,ఎంత చల్లని,Entha Challani,Festival,"A. Anasuya Devi, V. Seetha Devi, T.R. Jayadev",Telugu Folk Songs,2003,https://www.jiosaavn.com/album/telugu-folk-songs/sWBQXXgIMZs_,012.mp3,Entha Challani.mp3,26
013,ఎంతటి వాడోయ్,Enthati Vaadoy,Devotional & Ritual Songs,"A. Anasuya Devi, V. Seetha Devi, T.R. Jayadev",Telugu Folk Songs,2003,https://www.jiosaavn.com/album/telugu-folk-songs/sWBQXXgIMZs_,013.mp3,Enthati Vaadoy.mp3,37
014,లాలీ లాలమ్మ లాలీ,Laali Lalamma Laali,Lullabies,"A. Anasuya Devi, V. Seetha Devi, T.R. Jayadev",Telugu Folk Songs,2003,https://www.jiosaavn.com/album/telugu-folk-songs/sWBQXXgIMZs_,014.mp3,Laali Lalamma Laali.mp3,21
015,హోలి హోలి,Holi Holi,Festival,"A. Anasuya Devi, V. Seetha Devi, T.R. Jayadev",Telugu Folk Songs,2003,https://www.jiosaavn.com/album/telugu-folk-songs/sWBQXXgIMZs_,015.mp3,Holi Holi.mp3,46
016,కల్లు ముంత,Kallu Muntha,Comedy & Satire Songs,Sarangapani,Old Is Gold Janapada Geethalu,2010,https://www.jiosaavn.com/album/old-is-gold-janapada-geethalu/5mHz3qTEp8g_,016.mp3,Kallu Muntha.mp3,48
017,రేలా రే,Rela Re,Festival,Prasad,Old Is Gold Janapada Geethalu,2010,https://www.jiosaavn.com/album/old-is-gold-janapada-geethalu/5mHz3qTEp8g_,017.mp3,Rela Re.mp3,43
018,లాలాగూడా లంబాడోల్ల,Lalaguda Lambadola,Love Songs,Susheela.B,Old Is Gold Janapada Geethalu,2010,https://www.jiosaavn.com/album/old-is-gold-janapada-geethalu/5mHz3qTEp8g_,018.mp3,Lalaguda Lambadola.mp3,48
019,సెట సెట,Seta Seta,Love Songs,Balu,Old Is Gold Janapada Geethalu,2010,https://www.jiosaavn.com/album/old-is-gold-janapada-geethalu/5mHz3qTEp8g_,019.mp3,Seta Seta.mp3,26
020,ఎన్నియలో,Yeniyallo,Tragedy Songs,Balu,Old Is Gold Janapada Geethalu,2010,https://www.jiosaavn.com/album/old-is-gold-janapada-geethalu/5mHz3qTEp8g_,020.mp3,Yeniyallo.mp3,31
021,బొట్ల బొట్ల,Botla Botla,Love Songs,Balu,Old Is Gold Janapada Geethalu,2010,https://www.jiosaavn.com/album/old-is-gold-janapada-geethalu/5mHz3qTEp8g_,021.mp3,Botla Botla.mp3,44
022,పోరు బందరు,Poru Bandaru,Love Songs,Balu,Old Is Gold Janapada Geethalu,2010,https://www.jiosaavn.com/album/old-is-gold-janapada-geethalu/5mHz3qTEp8g_,022.mp3,Poru Bandaru.mp3,52
023,పంట సేను,Panta Senu,Work Songs,Sarangapani,Old Is Gold Janapada Geethalu,2010,https://www.jiosaavn.com/album/old-is-gold-janapada-geethalu/5mHz3qTEp8g_,023.mp3,Panta Senu.mp3,23
024,గజ్జెలెడ్ల బండి,Gajala Edla Bandi,Festival,Balu,Old Is Gold Janapada Geethalu,2010,https://www.jiosaavn.com/album/old-is-gold-janapada-geethalu/5mHz3qTEp8g_,024.mp3,Gajala Edla Bandi.mp3,45
025,కొబ్బరాకు నీడలో,Kobbaraku Needalo,Social songs,"Sri Hari Jagannath, Shashikala, Shirisha",Konaseema Janapadalu,2003,"https://www.jiosaavn.com/album/konaseema-janapadalu/,F9Fwk4WlFY_",025.mp3,Kobbaraku Needalo.mp3,33
026,హైలెస్సా,Hailessa,Work Songs,"Sri Hari Jagannath, Murthy, Shirisha, Jyothi",Konaseema Janapadalu,2003,"https://www.jiosaavn.com/album/konaseema-janapadalu/,F9Fwk4WlFY_",026.mp3,Hailessa.mp3,94
027,అమ్మ ఆడేవడోగాని,Amma Aadevadogani,Love Songs,"Sri Hari Jagannath, Shashikala",Konaseema Janapadalu,2003,"https://www.jiosaavn.com/album/konaseema-janapadalu/,F9Fwk4WlFY_",027.mp3,Amma Aadevadogani.mp3,30
028,నెల నెల నల్లికూర,Nela Nela Nallikoora,Family,"Sri Hari Jagannath, Shirisha",Konaseema Janapadalu,2003,"https://www.jiosaavn.com/album/konaseema-janapadalu/,F9Fwk4WlFY_",028.mp3,Nela Nela Nallikoora.mp3,24
029,ఎర్రా ఎర్రా ఎడ్లనుగట్టి,Erra Erra Edlanukatti,Festival,"Sri Hari Jagannath, Jyothi, Maruti",Konaseema Janapadalu,2003,"https://www.jiosaavn.com/album/konaseema-janapadalu/,F9Fwk4WlFY_",029.mp3,Erra Erra Edlanukatti.mp3,58
030,నా మాటే వినికోవే,Namate Vinikove,Love Songs,"Sri Hari Jagannath, Murthy",Konaseema Janapadalu,2003,"https://www.jiosaavn.com/album/konaseema-janapadalu/,F9Fwk4WlFY_",030.mp3,Namate Vinikove.mp3,50
031,వ్యాపారం సెడిపోద్దే పిల్లా,Yaparam Sedipodde Pilla,Love Songs,"Sri Hari Jagannath, Shashikala",Konaseema Janapadalu,2003,"https://www.jiosaavn.com/album/konaseema-janapadalu/,F9Fwk4WlFY_",031.mp3,Yaparam Sedipodde Pilla.mp3,61
032,జాతరకెళదాం రావే పిల్లా,Jatarakeldam Ravepilla,Festival,"Sri Hari Jagannath, Nelson, Shashikala",Konaseema Janapadalu,2003,"https://www.jiosaavn.com/album/konaseema-janapadalu/,F9Fwk4WlFY_",032.mp3,Jatarakeldam Ravepilla.mp3,35
033,హొయ్యారే హొయ్యారే,Haiyare- Haiyare,Festival,"Sri Hari Jagannath, Murthy, Shirisha, Jyothi",Konaseema Janapadalu,2003,"https://www.jiosaavn.com/album/konaseema-janapadalu/,F9Fwk4WlFY_",033.mp3,Haiyare- Haiyare.mp3,76
034,తెల్లచీర,Tella Cheera,Love Songs,C. Nageswara Rao,Janapada Jallulu (Telugu Folk Songs),2022,https://www.jiosaavn.com/album/janapada-jallulu-telugu-folk-songs/0d0DzuZBP90_,034.mp3,Tella Cheera.mp3,61
035,పూల మొగ్గల రైకదానా,Poola Moggala Raika Dhaana,Love Songs,C. Nageswara Rao,Janapada Jallulu (Telugu Folk Songs),2022,https://www.jiosaavn.com/album/janapada-jallulu-telugu-folk-songs/0d0DzuZBP90_,035.mp3,Poola Moggala Raika Dhaana.mp3,22
036,అయ్యా నేనేమి సేతు,Ayya Nenemi Sethu,Comedy & Satire Songs,C. Nageswara Rao,Janapada Jallulu (Telugu Folk Songs),2022,https://www.jiosaavn.com/album/janapada-jallulu-telugu-folk-songs/0d0DzuZBP90_,036.mp3,Ayya Nenemi Sethu.mp3,38
037,దుమ్ము చూడు దూలి చూడు,Dummu Choodu Dooli Choodu,Work Songs,C. Nageswara Rao,Janapada Jallulu (Telugu Folk Songs),2022,https://www.jiosaavn.com/album/janapada-jallulu-telugu-folk-songs/0d0DzuZBP90_,037.mp3,Dummu Choodu Dooli Choodu.mp3,28
038,చందమామ చందమామ,Chandamama Chandamama,Love Songs,C. Nageswara Rao,Janapada Jallulu (Telugu Folk Songs),2022,https://www.jiosaavn.com/album/janapada-jallulu-telugu-folk-songs/0d0DzuZBP90_,038.mp3,Chandamama Chandamama.mp3,41
039,సరి సరి సంగన్న పేట,Sari Sari Sangannapeta,Festival,C. Nageswara Rao,Janapada Jallulu (Telugu Folk Songs),2022,https://www.jiosaavn.com/album/janapada-jallulu-telugu-folk-songs/0d0DzuZBP90_,039.mp3,Sari Sari Sangannapeta.mp3,50
040,ఉసికల్లా ఊటల్లా,Usikalla Vootallla,Love Songs,C. Nageswara Rao,Janapada Jallulu (Telugu Folk Songs),2022,https://www.jiosaavn.com/album/janapada-jallulu-telugu-folk-songs/0d0DzuZBP90_,040.mp3,Usikalla Vootallla.mp3,40
041,మంగమ్మ ఓ మంగమ్మ,Mangamma O Mangamma,Tragedy Songs,C. Nageswara Rao,Janapada Jallulu (Telugu Folk Songs),2022,https://www.jiosaavn.com/album/janapada-jallulu-telugu-folk-songs/0d0DzuZBP90_,041.mp3,Mangamma O Mangamma.mp3,29
042,దొల్లో దొల్లో,Dollo Dollo,Work Songs,C. Nageswara Rao,Janapada Jallulu (Telugu Folk Songs),2022,https://www.jiosaavn.com/album/janapada-jallulu-telugu-folk-songs/0d0DzuZBP90_,042.mp3,Dollo Dollo.mp3,31
043,చింత చెట్టు చిలకల్లారా,Chinta Chettu Chilakallara,Tragedy Songs,C. Nageswara Rao,Janapada Jallulu (Telugu Folk Songs),2022,https://www.jiosaavn.com/album/janapada-jallulu-telugu-folk-songs/0d0DzuZBP90_,043.mp3,Chinta Chettu Chilakallara.mp3,24
044,సందులోన బాయంటి,Sandhulona Bayanti,Work Songs,"A. Anasuya Devi, V. Seetha Devi, T.R. Jayadev",Telugu Folk Songs,2003,https://www.jiosaavn.com/song/sandulona-bayanti/NAU6eE0HAQQ,044.mp3,Sandhulona Bayanti.mp3,32
045,ఓరోరి బండివాడా,Orori Bandi Vada,Love Songs,"T.R. Jayadev, A. Anasuya Devi, A. Sunandakanth",Telugu Folk Songs,1983,https://www.jiosaavn.com/album/telugu-folk-songs/kAWEwQMTDFI_,045.mp3,Orori Bandi Vada.mp3,37
046,సుక్కల కోక,Sukkala Koka,Love Songs,"T.R. Jayadev, A. Anasuya Devi, A. Sunandakanth",Telugu Folk Songs,1983,https://www.jiosaavn.com/album/telugu-folk-songs/kAWEwQMTDFI_,046.mp3,Sukkala Koka.mp3,33
047,నేరాలు ఎంచాడే,Neraalu Enchade,Comedy & Satire Songs,"T.R. Jayadev, A. Anasuya Devi, A. Sunandakanth",Telugu Folk Songs,1983,https://www.jiosaavn.com/album/telugu-folk-songs/kAWEwQMTDFI_,047.mp3,Neraalu Enchade.mp3,20
048,మొక్కజొన్న తోటలో,Mokkajonna Thotalo,Love Songs,"T.R. Jayadev, A. Anasuya Devi, A. Sunandakanth",Telugu Folk Songs,1983,https://www.jiosaavn.com/album/telugu-folk-songs/kAWEwQMTDFI_,048.mp3,Mokkajonna Thotalo.mp3,38
049,దుడ్డు గట్టెత్తుకొని,Duddu Gattethukoni,Comedy & Satire Songs,"T.R. Jayadev, A. Anasuya Devi, A. Sunandakanth",Telugu Folk Songs,1983,https://www.jiosaavn.com/album/telugu-folk-songs/kAWEwQMTDFI_,049.mp3,Duddu Gattethukoni.mp3,33
050,దాకెల్ల బియ్యం,Dakella Biyyamu,Devotional & Ritual Songs,"T.R. Jayadev, A. Anasuya Devi, A. Sunandakanth",Telugu Folk Songs,1983,https://www.jiosaavn.com/album/telugu-folk-songs/kAWEwQMTDFI_,050.mp3,Dakella Biyyamu.mp3,49
051,నందగిరి బంగారు మామ,Nandagiri Bangarumma,Love Songs,"T.R. Jayadev, A. Anasuya Devi, A. Sunandakanth",Telugu Folk Songs,1983,https://www.jiosaavn.com/album/telugu-folk-songs/kAWEwQMTDFI_,051.mp3,Nandagiri Bangarumma.mp3,28
052,బంగారు చిన్నదాన,Bangaru Chinnadana,Love Songs,"T.R. Jayadev, A. Anasuya Devi, A. Sunandakanth",Telugu Folk Songs,1983,https://www.jiosaavn.com/album/telugu-folk-songs/kAWEwQMTDFI_,052.mp3,Bangaru Chinnadana.mp3,33
053,బండిరా పొగ బండిరా,Bandira Poga Bandira,Social songs,"T.R. Jayadev, A. Anasuya Devi, A. Sunandakanth",Telugu Folk Songs,1983,https://www.jiosaavn.com/album/telugu-folk-songs/kAWEwQMTDFI_,053.mp3,Bandira Poga Bandira.mp3,30
054,పచ్చ పచ్చాని,Pachcha Pachchani,Marriage Songs,S. Janaki,Pachchani Palletulu,1987,https://www.jiosaavn.com/album/pachchani-palletulu/v5HpP4knBk4_,054.mp3,Pachcha Pachchani.mp3,50
055,వెంకటగిరి జరీ చీర,Venkatagiri Zaricheera,Love Songs,S. Janaki,Pachchani Palletulu,1987,https://www.jiosaavn.com/album/pachchani-palletulu/v5HpP4knBk4_,055.mp3,Venkatagiri Zaricheera.mp3,32
056,ఏరు పాడింది,Yeru Paadindhi,Social songs,S. Janaki,Pachchani Palletulu,1987,https://www.jiosaavn.com/album/pachchani-palletulu/v5HpP4knBk4_,056.mp3,Yeru Paadindhi.mp3,32
057,చిటికె వేసి,Chitike Vaesi,Love Songs,S. Janaki,Pachchani Palletulu,1987,https://www.jiosaavn.com/album/pachchani-palletulu/v5HpP4knBk4_,057.mp3,Chitike Vaesi.mp3,40
058,ఎంత గడుసు,Entha Gadusu,Love Songs,S. Janaki,Pachchani Palletulu,1987,https://www.jiosaavn.com/album/pachchani-palletulu/v5HpP4knBk4_,058.mp3,Entha Gadusu.mp3,45
059,సంకురాతిరి,Sankuratiri,Love Songs,S. Janaki,Pachchani Palletulu,1987,https://www.jiosaavn.com/album/pachchani-palletulu/v5HpP4knBk4_,059.mp3,Sankuratiri.mp3,23
060,ఎందుకో ఈ పైట,Enduko Yee Paita,Love Songs,S. Janaki,Pachchani Palletulu,1987,https://www.jiosaavn.com/album/pachchani-palletulu/v5HpP4knBk4_,060.mp3,Enduko Yee Paita.mp3,29
061,ఎవరైనా,Evaraina,Marriage Songs,S. Janaki,Pachchani Palletulu,1987,https://www.jiosaavn.com/album/pachchani-palletulu/v5HpP4knBk4_,061.mp3,Evaraina.mp3,36
062,అందాల పాపాయి,Andala Paapayi,Family,S. Janaki,Pachchani Palletulu,1987,https://www.jiosaavn.com/album/pachchani-palletulu/v5HpP4knBk4_,062.mp3,Andala Paapayi.mp3,28
063,నాయనమ్మా,Naayanamma,Family,S. Janaki,Pachchani Palletulu,1987,https://www.jiosaavn.com/album/pachchani-palletulu/v5HpP4knBk4_,063.mp3,Naayanamma.mp3,47
064,ఏమే పిల్లా,Eme Pilla,Love Songs,Devatha Sudhakar,Janapada Kokila,2008,"https://www.jiosaavn.com/album/janapada-kokila/rFa,9XJn7WU_",064.mp3,Eme Pilla.mp3,46
065,ఎన్నడు కొట్టని నాయి,Annadu Gatani Nayee,Comedy & Satire Songs,Komala,Janapada Kokila,2008,"https://www.jiosaavn.com/album/janapada-kokila/rFa,9XJn7WU_",065.mp3,Annadu Gatani Nayee.mp3,42
066,డీలు డీలు,Dellu Dellu,Comedy & Satire Songs,Devatha Sudhakar,Janapada Kokila,2008,"https://www.jiosaavn.com/album/janapada-kokila/rFa,9XJn7WU_",066.mp3,Dellu Dellu.mp3,36
067,నీలకు పోయేటి,Nelakku Voyeti,Devotional & Ritual Songs,Namdev,Janapada Kokila,2008,"https://www.jiosaavn.com/album/janapada-kokila/rFa,9XJn7WU_",067.mp3,Nelakku Voyeti.mp3,67
068,సిలుకో సిలుకో రిగన్నె,Siluko Silukorigane,Love Songs,Devatha Sudhakar,Janapada Kokila,2008,"https://www.jiosaavn.com/album/janapada-kokila/rFa,9XJn7WU_",068.mp3,Siluko Silukorigane.mp3,63
069,ఊరవతాల వగమాట,Uravuthala Oka Mata,Social songs,Anikumar,Janapada Kokila,2008,"https://www.jiosaavn.com/album/janapada-kokila/rFa,9XJn7WU_",069.mp3,Uravuthala Oka Mata.mp3,64
070,లేత గడ్డి,Letha Gadi,Marriage Songs,Devatha Sudhakar,Janapada Kokila,2008,"https://www.jiosaavn.com/album/janapada-kokila/rFa,9XJn7WU_",070.mp3,Letha Gadi.mp3,52
071,ఇల్లన్ని మల్లెలు,Illani Mallelu,Marriage Songs,Devatha Sudhakar,Janapada Kokila,2008,"https://www.jiosaavn.com/album/janapada-kokila/rFa,9XJn7WU_",071.mp3,Illani Mallelu.mp3,30
072,వదినరో పళ్ళు దోముకొమ్మా,Vadinaro Paludomukkomma,Marriage Songs,"Vijayalakshmi Sarma, Vedavathi Prabhakar Rao",Vuyyalu - Kayyalu,1982,https://www.jiosaavn.com/album/vuyyalu-kayyalu/FussqbAWUW0_,072.mp3,Vadinaro Paludomukkomma.mp3,38
073,రమ్మనవే నలుగుకి,Rammanavenaluguki,Marriage Songs,"Vijayalakshmi Sarma, Vedavathi Prabhakar Rao",Vuyyalu - Kayyalu,1982,https://www.jiosaavn.com/album/vuyyalu-kayyalu/FussqbAWUW0_,073.mp3,Rammanavenaluguki.mp3,22
074,అలిగితివా వదినా,Alagithiva Vadinaa,Marriage Songs,"Vijayalakshmi Sarma, Vedavathi Prabhakar Rao",Vuyyalu - Kayyalu,1982,https://www.jiosaavn.com/album/vuyyalu-kayyalu/FussqbAWUW0_,074.mp3,Alagithiva Vadinaa.mp3,32
075,ఓహో ఓహో వదినగారు,Oho Oho Vadinagaru,Marriage Songs,"Vijayalakshmi Sarma, Vedavathi Prabhakar Rao",Vuyyalu - Kayyalu,1982,https://www.jiosaavn.com/album/vuyyalu-kayyalu/FussqbAWUW0_,075.mp3,Oho Oho Vadinagaru.mp3,41
076,ఏదిరా వదిన ఏదేరా,Yedira Vadina Yedera,Marriage Songs,"Vijayalakshmi Sarma, Vedavathi Prabhakar Rao",Vuyyalu - Kayyalu,1982,https://www.jiosaavn.com/song/yedira-vadina-yedera/HCFeZgRHbWs,076.mp3,Yedira Vadina Yedera.mp3,26
077,వ్యాపారాలా ఓ వయ్యారి లోలా,Vyapurala O Vayyarilola,Love Songs,"Vijayalakshmi Sarma, Vedavathi Prabhakar Rao",Vuyyalu - Kayyalu,1982,https://www.jiosaavn.com/album/vuyyalu-kayyalu/FussqbAWUW0_,077.mp3,Vyapurala O Vayyarilola.mp3,52
078,వదినరో మీరెంతో,Vadinaro Meeremtho,Marriage Songs,"Vijayalakshmi Sarma, Vedavathi Prabhakar Rao",Vuyyalu - Kayyalu,1982,https://www.jiosaavn.com/album/vuyyalu-kayyalu/FussqbAWUW0_,078.mp3,Vadinaro Meeremtho.mp3,31
079,విందు వియ్యాలవారి విందు,Vindu Viyalavaari,Marriage Songs,"Vijayalakshmi Sarma, Vedavathi Prabhakar Rao",Vuyyalu - Kayyalu,1982,https://www.jiosaavn.com/album/vuyyalu-kayyalu/FussqbAWUW0_,079.mp3,Vindu Viyalavaari.mp3,36
080,వదినరో నా పుత్రిని,Vadinaro Naa Puthrini,Marriage Songs,"Vijayalakshmi Sarma, Vedavathi Prabhakar Rao",Vuyyalu - Kayyalu,1982,https://www.jiosaavn.com/album/vuyyalu-kayyalu/FussqbAWUW0_,080.mp3,Vadinaro Naa Puthrini.mp3,22
081,జయ మంగళం నిత్య శుభ మంగళం,Jaya Mangalam Nithya Subhamangalam,Marriage Songs,"Vijayalakshmi Sarma, Vedavathi Prabhakar Rao",Vuyyalu - Kayyalu,1982,https://www.jiosaavn.com/album/vuyyalu-kayyalu/FussqbAWUW0_,081.mp3,Jaya Mangalam Nithya Subhamangalam.mp3,30
082,అంబా పలుకులు,Ambaa Palukulu,Devotional & Ritual Songs,"M. Narasima Murthy, R. Chayadevi",Janapada Geethalu (Folk Songs),2004,https://www.jiosaavn.com/album/janapada-geethalu-folk-songs/pi7rlnuH-oI_,082.mp3,Ambaa Palukulu.mp3,25
083,దిగు దిగు నాగా,Digu Digu Naaga,Devotional & Ritual Songs,"M. Narasima Murthy, R. Chayadevi",Janapada Geethalu (Folk Songs),2004,https://www.jiosaavn.com/album/janapada-geethalu-folk-songs/pi7rlnuH-oI_,083.mp3,Digu Digu Naaga.mp3,51
084,జోడు జోడు ఉంగరాలు,Jodu Jodu Ungaraalu,Festival,"M. Narasima Murthy, R. Chayadevi",Janapada Geethalu (Folk Songs),2004,https://www.jiosaavn.com/album/janapada-geethalu-folk-songs/pi7rlnuH-oI_,084.mp3,Jodu Jodu Ungaraalu.mp3,46
085,మా బావ,Maa Baava,Comedy & Satire Songs,"M. Narasima Murthy, R. Chayadevi",Janapada Geethalu (Folk Songs),2004,https://www.jiosaavn.com/album/janapada-geethalu-folk-songs/pi7rlnuH-oI_,085.mp3,Maa Baava.mp3,37
086,మామా నాగులో,Maamaa Naagulu,Love Songs,"M. Narasima Murthy, R. Chayadevi",Janapada Geethalu (Folk Songs),2004,https://www.jiosaavn.com/album/janapada-geethalu-folk-songs/pi7rlnuH-oI_,086.mp3,Maamaa Naagulu.mp3,70
087,మీ అత్తారింటికెళ్ళి,Mee Atharintikelli,Comedy & Satire Songs,"M. Narasima Murthy, R. Chayadevi",Janapada Geethalu (Folk Songs),2004,https://www.jiosaavn.com/album/janapada-geethalu-folk-songs/pi7rlnuH-oI_,087.mp3,Mee Atharintikelli.mp3,56
088,నందికేశుని గుళ్ళో,Nandikesuni Gullo,Festival,"M. Narasima Murthy, R. Chayadevi",Janapada Geethalu (Folk Songs),2004,https://www.jiosaavn.com/album/janapada-geethalu-folk-songs/pi7rlnuH-oI_,088.mp3,Nandikesuni Gullo.mp3,84
089,నర్సీపట్నం,Narsipatnam,Festival,"M. Narasima Murthy, R. Chayadevi",Janapada Geethalu (Folk Songs),2004,https://www.jiosaavn.com/album/janapada-geethalu-folk-songs/pi7rlnuH-oI_,089.mp3,Narsipatnam.mp3,32
090,నిర నిర నిరబండి,Neraa Neraa Nerabandi,Comedy & Satire Songs,"M. Narasima Murthy, R. Chayadevi",Janapada Geethalu (Folk Songs),2004,https://www.jiosaavn.com/album/janapada-geethalu-folk-songs/pi7rlnuH-oI_,090.mp3,Neraa Neraa Nerabandi.mp3,53
091,చీరలు తెమ్మన్నా,Siralu Temmanna,Family,"M. Narasima Murthy, R. Chayadevi",Janapada Geethalu (Folk Songs),2004,https://www.jiosaavn.com/album/janapada-geethalu-folk-songs/pi7rlnuH-oI_,091.mp3,Siralu Temmanna.mp3,34
092,వల్లారి బాబోయ్,Vallari Baaboyi,Festival,"M. Narasima Murthy, R. Chayadevi",Janapada Geethalu (Folk Songs),2004,https://www.jiosaavn.com/album/janapada-geethalu-folk-songs/pi7rlnuH-oI_,092.mp3,Vallari Baaboyi.mp3,51
093,అప్పుల,Appula,Tragedy Songs,P. V. Chalapathi Rao,Navya Janapadaravali (Folk Songs),2003,"https://www.jiosaavn.com/album/navya-janapadaravali-folk-songs/QqI,FhiCDOw_",093.mp3,Appula.mp3,30
094,గాలి,Gali,Family,P. V. Chalapathi Rao,Navya Janapadaravali (Folk Songs),2003,"https://www.jiosaavn.com/album/navya-janapadaravali-folk-songs/QqI,FhiCDOw_",094.mp3,Gali.mp3,29
095,గోరింకా,Gorinka,Family,P. V. Chalapathi Rao,Navya Janapadaravali (Folk Songs),2003,"https://www.jiosaavn.com/album/navya-janapadaravali-folk-songs/QqI,FhiCDOw_",095.mp3,Gorinka.mp3,26
096,కొంగునున్న,Kongununna,Love Songs,"Usha Jayanthy, P. V. Chalapathi Rao",Navya Janapadaravali (Folk Songs),2003,"https://www.jiosaavn.com/album/navya-janapadaravali-folk-songs/QqI,FhiCDOw_",096.mp3,Kongununna.mp3,30
097,ఓ తిరుపతి,Oh Tirupathi,Devotional & Ritual Songs,P. V. Chalapathi Rao,Navya Janapadaravali (Folk Songs),2003,"https://www.jiosaavn.com/album/navya-janapadaravali-folk-songs/QqI,FhiCDOw_",097.mp3,Oh Tirupathi.mp3,30
098,పొద్దెక్కిందిరో,Poddekkindiro,Comedy & Satire Songs,"P. V. Chalapathi Rao, Usha Jayanthy",Navya Janapadaravali (Folk Songs),2003,"https://www.jiosaavn.com/album/navya-janapadaravali-folk-songs/QqI,FhiCDOw_",098.mp3,Poddekkindiro.mp3,51
099,సెంగు సెంగు,Sengu Sengu,Love Songs,"P. V. Chalapathi Rao, Usha Jayanthy",Navya Janapadaravali (Folk Songs),2003,"https://www.jiosaavn.com/album/navya-janapadaravali-folk-songs/QqI,FhiCDOw_",099.mp3,Sengu Sengu.mp3,35
100,సిరి సిరి మువ్వా,Siri Siri Muvva,Love Songs,P. V. Chalapathi Rao,Navya Janapadaravali (Folk Songs),2003,"https://www.jiosaavn.com/album/navya-janapadaravali-folk-songs/QqI,FhiCDOw_",100.mp3,Siri Siri Muvva.mp3,29
101,తూర్పున,Turpuna,Work Songs,G. Indira,Navya Janapadaravali (Folk Songs),2003,"https://www.jiosaavn.com/album/navya-janapadaravali-folk-songs/QqI,FhiCDOw_",101.mp3,Turpuna.mp3,35
102,యాడనీ ఎతికేది,Yedani Yethikedi,Tragedy Songs,Usha Jayanthy,Navya Janapadaravali (Folk Songs),2003,"https://www.jiosaavn.com/album/navya-janapadaravali-folk-songs/QqI,FhiCDOw_",102.mp3,Yedani Yethikedi.mp3,24
